"Translaton between Mod1 Writes and PV names generates MasterControlOut.substitutions",,,,,,
"IOC Offset",".DESC field","IOC PV Name","Meaning of 1 State","Meaning of 0 State","Modicon Output #","Alias"
,,,,,,
0,"Description","Blank2769","High","Low",1,"MOD1:Coil2769:Write"
1,"Description","Blank2770","High","Low",2,"MOD1:Coil2770:Write"
2,"Description","Blank2771","High","Low",3,"MOD1:Coil2771:Write"
3,"Description","Blank2772","High","Low",4,"MOD1:Coil2772:Write"
4,"Description","Blank2773","High","Low",5,"MOD1:Coil2773:Write"
5,"Description","Blank2774","High","Low",6,"MOD1:Coil2774:Write"
6,"Description","Blank2775","High","Low",7,"MOD1:Coil2775:Write"
7,"Description","Blank2776","High","Low",8,"MOD1:Coil2776:Write"
8,"Description","Blank2777","High","Low",9,"MOD1:Coil2777:Write"
9,"Description","Blank2778","High","Low",10,"MOD1:Coil2778:Write"
10,"Description","Blank2779","High","Low",11,"MOD1:Coil2779:Write"
11,"Description","Blank2780","High","Low",12,"MOD1:Coil2780:Write"
12,"Description","Blank2781","High","Low",13,"MOD1:Coil2781:Write"
13,"Description","Blank2782","High","Low",14,"MOD1:Coil2782:Write"
14,"Description","Blank2783","High","Low",15,"MOD1:Coil2783:Write"
15,"Description","Blank2784","High","Low",16,"MOD1:Coil2784:Write"
16,"TURN OFF PSMC-negative pulse","MC:Output:Off:Write","High","Low",17,"MOD1:Coil2785:Write"
17,"TURN ON PSMC-positive pulse","MC:Output:On:Write","High","Low",18,"MOD1:Coil2786:Write"
18,"RESET PSMC INTERLOCKS","MC:Output:Reset:Interlocks:Write","High","Low",19,"MOD1:Coil2787:Write"
19,"RESET PSHC C PROCESS WATCHDOG","HC:CoilC:Reset:Heartbeat:Write","High","Low",20,"MOD1:Coil2788:Write"
20,"PS MAIN COIL: NO FAULT AND NO ERROR","MC:Output:NoFault:Write","High","Low",21,"MOD1:Coil2789:Write"
21,"PS MAIN COIL PROCESS HEARTBEAT","MC:Output:Heartbeat:Write","High","Low",22,"MOD1:Coil2790:Write"
22,"RESET PSMC PROCESS WATCHDOG","MC:Output:Reset:Heartbeat:Write","High","Low",23,"MOD1:Coil2791:Write"
23,"RESET PSHC D PROCESS WATCHDOG","HC:CoilD:Reset:Heartbeat:Write","High","Low",24,"MOD1:Coil2792:Write"
24,"TURN OFF PSCC 1-6 negative pulse","CC:1-6:Off:Write","High","Low",25,"MOD1:Coil2793:Write"
25,"TURN ON PSCC 1-6 positive pulse","CC:1-6:On:Write","High","Low",26,"MOD1:Coil2794:Write"
26,"TURN OFF PSCC 7-10 negative pulse","CC:7-10:Off:Write","High","Low",27,"MOD1:Coil2795:Write"
27,"TURN ON PSCC 7-10 positive pulse","CC:7-10:On:Write","High","Low",28,"MOD1:Coil2796:Write"
28,"RESET PSCC INTERLOCKS","CC:Reset:Interlocks:Write","High","Low",29,"MOD1:Coil2797:Write"
29,"HARMONIC COILS C PROCESS HEARTBEAT","HC:CoilC:Heartbeat:Write","High","Low",30,"MOD1:Coil2798:Write"
30,"SET PSCC 1 POLARITY NEGATIVE","CC:Coil1:Polarity:Negative:Write","High","Low",31,"MOD1:Coil2799:Write"
31,"SET PSCC 2 POLARITY NEGATIVE","CC:Coil2:Polarity:Negative:Write","High","Low",32,"MOD1:Coil2800:Write"
32,"SET PSCC 3 POLARITY NEGATIVE","CC:Coil3:Polarity:Negative:Write","High","Low",33,"MOD1:Coil2801:Write"
33,"SET PSCC 4 POLARITY NEGATIVE","CC:Coil4:Polarity:Negative:Write","High","Low",34,"MOD1:Coil2802:Write"
34,"SET PSCC 5 POLARITY NEGATIVE","CC:Coil5:Polarity:Negative:Write","High","Low",35,"MOD1:Coil2803:Write"
35,"SET PSCC 6 POLARITY NEGATIVE","CC:Coil6:Polarity:Negative:Write","High","Low",36,"MOD1:Coil2804:Write"
36,"SET PSCC 7 POLARITY NEGATIVE","CC:Coil7:Polarity:Negative:Write","High","Low",37,"MOD1:Coil2805:Write"
37,"SET PSCC 8 POLARITY NEGATIVE","CC:Coil8:Polarity:Negative:Write","High","Low",38,"MOD1:Coil2806:Write"
38,"SET PSCC 9 POLARITY NEGATIVE","CC:Coil9:Polarity:Negative:Write","High","Low",39,"MOD1:Coil2807:Write"
39,"SET PSCC 10 POLARITY NEGATIVE","CC:Coil10:Polarity:Negative:Write","High","Low",40,"MOD1:Coil2808:Write"
40,"NO COIL 1U FAULT OR ERROR","CC:Coil1U:NoFault:Write","High","Low",41,"MOD1:Coil2809:Write"
41,"NO COIL 1L FAULT OR ERROR","CC:Coil1L:NoFault:Write","High","Low",42,"MOD1:Coil2810:Write"
42,"NO COIL 2 FAULT OR ERROR","CC:Coil2:NoFault:Write","High","Low",43,"MOD1:Coil2811:Write"
43,"NO COIL 3 FAULT OR ERROR","CC:Coil3:NoFault:Write","High","Low",44,"MOD1:Coil2812:Write"
44,"NO COIL 4 FAULT OR ERROR","CC:Coil4:NoFault:Write","High","Low",45,"MOD1:Coil2813:Write"
45,"NO COIL 5 FAULT OR ERROR","CC:Coil5:NoFault:Write","High","Low",46,"MOD1:Coil2814:Write"
46,"NO COIL 6 FAULT OR ERROR","CC:Coil6:NoFault:Write","High","Low",47,"MOD1:Coil2815:Write"
47,"NO COIL 7 FAULT OR ERROR","CC:Coil7:NoFault:Write","High","Low",48,"MOD1:Coil2816:Write"
48,"NO COIL 8 FAULT OR ERROR","CC:Coil8:NoFault:Write","High","Low",49,"MOD1:Coil2817:Write"
49,"NO COIL 9 FAULT OR ERROR","CC:Coil9:NoFault:Write","High","Low",50,"MOD1:Coil2818:Write"
50,"NO COIL 10 FAULT OR ERROR","CC:Coil10:NoFault:Write","High","Low",51,"MOD1:Coil2819:Write"
51,"CIRCULAR COILS 1-6 PROCESS HEARTBEAT","CC:1-6:Heartbeat:Write","High","Low",52,"MOD1:Coil2820:Write"
52,"CIRCULAR COILS 7-10 PROCESS HEARTBEAT","CC:7-10:Heartbeat:Write","High","Low",53,"MOD1:Coil2821:Write"
53,"RESET PSCC 1-6 PROCESS WATCHDOG","CC:1-6:Reset:Heartbeat:Write","High","Low",54,"MOD1:Coil2822:Write"
54,"RESET PScc 7-10 PROCESS WATCHDOG","CC:7-10:Reset:Heartbeat:Write","High","Low",55,"MOD1:Coil2823:Write"
55,"HARMONIC COILS D PROCESS HEARTBEAT","HC:CoilD:Heartbeat:Write","High","Low",56,"MOD1:Coil2824:Write"
56,"TURN OFF PSHC A negative pulse","HC:CoilA:Off:Write","High","Low",57,"MOD1:Coil2825:Write"
57,"TURN ON PSHC A positive pulse","HC:CoilA:On:Write","High","Low",58,"MOD1:Coil2826:Write"
58,"TURN OFF PSHC B negative pulse","HC:CoilB:Off:Write","High","Low",59,"MOD1:Coil2827:Write"
59,"TURN ON PSHC B positive pulse","HC:CoilB:On:Write","High","Low",60,"MOD1:Coil2828:Write"
60,"TURN OFF PSHC C negative pulse","HC:CoilC:Off:Write","High","Low",61,"MOD1:Coil2829:Write"
61,"TURN ON PSHC C positive pulse","HC:CoilC:On:Write","High","Low",62,"MOD1:Coil2830:Write"
62,"TURN OFF PSHC D negative pulse","HC:CoilD:Off:Write","High","Low",63,"MOD1:Coil2831:Write"
63,"TURN ON PSHC D positive pulse","HC:CoilD:On:Write","High","Low",64,"MOD1:Coil2832:Write"
64,"NO COIL A FAULT OR ERROR","HC:CoilA:NoFault:Write","High","Low",65,"MOD1:Coil2833:Write"
65,"NO COIL B FAULT OR ERROR","HC:CoilB:NoFault:Write","High","Low",66,"MOD1:Coil2834:Write"
66,"NO COIL C FAULT OR ERROR","HC:CoilC:NoFault:Write","High","Low",67,"MOD1:Coil2835:Write"
67,"NO COIL D FAULT OR ERROR","HC:CoilD:NoFault:Write","High","Low",68,"MOD1:Coil2836:Write"
68,"HARMONIC COILS A PROCESS HEARTBEAT","HC:CoilA:Heartbeat:Write","High","Low",69,"MOD1:Coil2837:Write"
69,"HARMONIC COILS B PROCESS HEARTBEAT","HC:CoilB:Heartbeat:Write","High","Low",70,"MOD1:Coil2838:Write"
70,"RESET PSHC A PROCESS WATCHDOG","HC:CoilA:Reset:Heartbeat:Write","High","Low",71,"MOD1:Coil2839:Write"
71,"RESET PSHC B PROCESS WATCHDOG","HC:CoilB:Reset:Heartbeat:Write","High","Low",72,"MOD1:Coil2840:Write"
72,"TURN OFF PSEMC negative pulse","EMC:Off:Write","High","Low",73,"MOD1:Coil2841:Write"
73,"TURN ON PSEMC positive pulse","EMC:On:Write","High","Low",74,"MOD1:Coil2842:Write"
74,"RESET PSEMC INTERLOCKS","EMC:Reset:Interlocks:Write","High","Low",75,"MOD1:Coil2843:Write"
75,"Description","Blank2844","High","Low",76,"MOD1:Coil2844:Write"
76,"NO PSEMC FAULT OR ERROR","EMC:NoFault:Write","High","Low",77,"MOD1:Coil2845:Write"
77,"PSEMC PROCESS HEARTBEAT","EMC:Heartbeat:Write","High","Low",78,"MOD1:Coil2846:Write"
78,"RESET PSEMC PROCESS WATCHDOG","EMC:Reset:Heartbeat:Write","High","Low",79,"MOD1:Coil2847:Write"
79,"Description","Blank2848","High","Low",80,"MOD1:Coil2848:Write"
80,"TURN OFF PSISM negative pulse","ISM:Off:Write","High","Low",81,"MOD1:Coil2849:Write"
81,"TURN ON PSISM positive pulse","ISM:On:Write","High","Low",82,"MOD1:Coil2850:Write"
82,"RESET ISM COOLING INTERLOCK","ISM:Reset:Interlocks:Write","High","Low",83,"MOD1:Coil2851:Write"
83,"Description","Blank2852","High","Low",84,"MOD1:Coil2852:Write"
84,"NO PSISM FAULT OR ERROR","ISM:NoFault:Write","High","Low",85,"MOD1:Coil2853:Write"
85,"PSISM PROCESS HEARTBEAT","ISM:Heartbeat:Write","High","Low",86,"MOD1:Coil2854:Write"
86,"RESET PSISM PROCESS WATCHDOG","ISM:Reset:Heartbeat:Write","High","Low",87,"MOD1:Coil2855:Write"
87,"Description","Blank2856","High","Low",88,"MOD1:Coil2856:Write"
88,"TURN OFF DEFLECTOR POWER SUPPLY","DEFL:Off:Write","High","Low",89,"MOD1:Coil2857:Write"
89,"TURN ON DEFLECTOR POWER SUPPLY","DEFL:On:Write","High","Low",90,"MOD1:Coil2858:Write"
90,"RESET DECU INTERLOCKS","DEFL:Reset:Interlocks:Write","High","Low",91,"MOD1:Coil2859:Write"
91,"RESET Septum Temp Interlocks","SEPTUM:Reset:Interlocks:Write","High","Low",92,"MOD1:Coil2860:Write"
92,"TURN OFF PSARC negative pulse","Source:Arc:Off:Write","High","Low",93,"MOD1:Coil2861:Write"
93,"TURN ON PSARC positive pulse","Source:Arc:On:Write","High","Low",94,"MOD1:Coil2862:Write"
94,"RESET PSARC INTERLOCKS","Source:Arc:Reset:Interlocks:Write","High","Low",95,"MOD1:Coil2863:Write"
95,"Description","Blank2864","High","Low",96,"MOD1:Coil2864:Write"
96,"Select Protons","ParticleType:Protons:Write","High","Low",97,"MOD1:Coil2865:Write"
97,"Select H2Plus","ParticleType:H2:Write","High","Low",98,"MOD1:Coil2866:Write"
98,"Select Deutrons","ParticleType:DEUT:Write","High","Low",99,"MOD1:Coil2867:Write"
99,"Select 3He","ParticleType:3He:Write","High","Low",100,"MOD1:Coil2868:Write"
100,"Select Alphas","ParticleType:Alpha:Write","High","Low",101,"MOD1:Coil2869:Write"
101,"Description","Blank2870","High","Low",102,"MOD1:Coil2870:Write"
102,"Description","Blank2871","High","Low",103,"MOD1:Coil2871:Write"
103,"Description","Blank2872","High","Low",104,"MOD1:Coil2872:Write"
104,"TURN DEFLECTOR ENTRANCE SERVO OFF","DEFLEntry:Off:Write","High","Low",105,"MOD1:Coil2873:Write"
105,"TURN DEFLECTOR ENTRANCE SERVO ON","DEFLEntry:On:Write","High","Low",106,"MOD1:Coil2874:Write"
106,"TURN DEFLECTOR EXIT SERVO OFF","DEFLExit:Off:Write","High","Low",107,"MOD1:Coil2875:Write"
107,"TURN DEFLECTOR EXIT SERVO ON","DEFLExit:On:Write","High","Low",108,"MOD1:Coil2876:Write"
108,"TURN EMC EXIT SERVO OFF","EMCExit:Off:Write","High","Low",109,"MOD1:Coil2877:Write"
109,"TURN EMC EXIT SERVO ON","EMCExit:On:Write","High","Low",110,"MOD1:Coil2878:Write"
110,"TURN DEFLECTOR PROBE SERVO OFF","DeflProbe:Off:Write","High","Low",111,"MOD1:Coil2879:Write"
111,"TURN DEFLECTOR PROBE SERVO ON","DeflProbe:On:Write","High","Low",112,"MOD1:Coil2880:Write"
112,"Description","Blank2881","High","Low",113,"MOD1:Coil2881:Write"
113,"Description","Blank2882","High","Low",114,"MOD1:Coil2882:Write"
114,"Not Used in Servo Box","ExtrServo:Reset:Interlocks:Write","High","Low",115,"MOD1:Coil2883:Write"
115,"DEFLECTOR ENTRANCE SERVO NOFAULT","DEFLEntry:NoFault:Write","High","Low",116,"MOD1:Coil2884:Write"
116,"DEFLECTOR EXIT SERVO NOFAULT","DEFLExit:NoFault:Write","High","Low",117,"MOD1:Coil2885:Write"
117,"EMC EXIT SERVO NO FAULT AND NO ERROR","EMCExit:NoFault:Write","High","Low",118,"MOD1:Coil2886:Write"
118,"DEFLECTOR PROBE SERVO NOFAULT","DeflProbe:NoFault:Write","High","Low",119,"MOD1:Coil2887:Write"
119,"Description","Blank2888","High","Low",120,"MOD1:Coil2888:Write"
120,"SOURCEEXTRACTOR SAM HEARTBEAT","Source:Heartbeat:Write","High","Low",121,"MOD1:Coil2889:Write"
121,"SOURCEEXTRACTOR SAM READ PROC HTBT","Source:Reset:Heartbeat:Write","High","Low",122,"MOD1:Coil2890:Write"
122,"PSARC NO FAULT AND NO ERROR","Source:NoFault:Write","High","Low",123,"MOD1:Coil2891:Write"
123,"DEFL: NO FAULT AND NO ERROR","DEFL:NoFault:Write","High","Low",124,"MOD1:Coil2892:Write"
124,"DEFL HEARTBEAT","DEFL:Heartbeat:Write","High","Low",125,"MOD1:Coil2893:Write"
125,"DEFL RESET PROCESS HEARBAT","ExtrServo:Heartbeat:Write","High","Low",126,"MOD1:Coil2894:Write"
126,"EXTRACTOR SERVO PROCESS HTBT","ExtrServo:Reset:Heartbeat:Write","High","Low",127,"MOD1:Coil2895:Write"
127,"EXTRACTOR SERVO INIT COMPLETE","DEFL:Reset:Heartbeat:Write","High","Low",128,"MOD1:Coil2896:Write"
128,"DEFLECTOR PROBE AT INTERNAL","DeflProbe:Internal:Write","High","Low",129,"MOD1:Coil2897:Write"
129,"DEFLECTOR PROBE AT EXTERNAL","DeflProbe:External:Write","High","Low",130,"MOD1:Coil2898:Write"
130,"DEFLECTOR PROBE OUT","DeflProbe:Out:Write","High","Low",131,"MOD1:Coil2899:Write"
131,"Description","Blank2900","High","Low",132,"MOD1:Coil2900:Write"
132,"Description","Blank2901","High","Low",133,"MOD1:Coil2901:Write"
133,"Description","Blank2902","High","Low",134,"MOD1:Coil2902:Write"
134,"Description","Blank2903","High","Low",135,"MOD1:Coil2903:Write"
135,"Description","Blank2904","High","Low",136,"MOD1:Coil2904:Write"
136,"TURN ON MAIN PROBE POSITION CONTROLLER","MPPC:Off:Write","High","Low",137,"MOD1:Coil2905:Write"
137,"TURN OFF MAIN PROBE POSITION CONTROLLER","MPPC:On:Write","High","Low",138,"MOD1:Coil2906:Write"
138,"RESET MAIN PROBE INTERLOCKS","MPPC:Reset:Interlocks:Write","High","Low",139,"MOD1:Coil2907:Write"
139,"NO MAIN PROBE READ FAULT","MPPC:NoFault:Write","High","Low",140,"MOD1:Coil2908:Write"
140,"MAIN PROBE PROCESS HTBT","MPPC:Heartbeat:Write","High","Low",141,"MOD1:Coil2909:Write"
141,"MAIN PROBE INIT CMPLT","MPPC:Reset:Heartbeat:Write","High","Low",142,"MOD1:Coil2910:Write"
142,"Description","Blank2911","High","Low",143,"MOD1:Coil2911:Write"
143,"Description","Blank2912","High","Low",144,"MOD1:Coil2912:Write"
144,"RESET SBD C -CYCLOTRON-","BCAC:Reset:Interlocks:Write","High","Low",145,"MOD1:Coil2913:Write"
145,"BCA C -CYCLOTRON-: NO READ ERROR","BCAC:NoFault:Write","High","Low",146,"MOD1:Coil2914:Write"
146,"BCA C -CYCLOTRON- PROCESS HEARTBEAT","BCAC:Heartbeat:Write","High","Low",147,"MOD1:Coil2915:Write"
147,"RESET BCA C PROCESS WATCHDOG","BCAC:Reset:Heartbeat:Write","High","Low",148,"MOD1:Coil2916:Write"
148,"RESET SBD B -BEAM LINES-","BCAB:Reset:Interlocks:Write","High","Low",149,"MOD1:Coil2917:Write"
149,"BCA B -BEAM LINE-: NO READ ERROR","BCAB:NoFault:Write","High","Low",150,"MOD1:Coil2918:Write"
150,"BCA B -BEAM LINE- PROCESS HEARTBEAT","BCAB:Heartbeat:Write","High","Low",151,"MOD1:Coil2919:Write"
151,"RESET BCA B PROCESS WATCHDOG","BCAB:Reset:Heartbeat:Write","High","Low",152,"MOD1:Coil2920:Write"
152,"RESET SBD G -ISO GANTRY-","BCAG:Reset:Interlocks:Write","High","Low",153,"MOD1:Coil2921:Write"
153,"BCA G -ISO GANTRY-: NO READ ERROR","BCAG:NoFault:Write","High","Low",154,"MOD1:Coil2922:Write"
154,"BCA G -ISO GANTRY- PROCESS HEARTBEAT","BCAG:Heartbeat:Write","High","Low",155,"MOD1:Coil2923:Write"
155,"RESET BCA G PROCESS WATCHDOG","BCAG:Reset:Heartbeat:Write","High","Low",156,"MOD1:Coil2924:Write"
156,"RESET SBD F -FIX GANTRY-","BCAF:Reset:Interlocks:Write","High","Low",157,"MOD1:Coil2925:Write"
157,"BCA F -FIX GANTRY-: NO READ ERROR","BCAF:NoFault:Write","High","Low",158,"MOD1:Coil2926:Write"
158,"BCA F -FIX GANTRY- PROCESS HEARTBEAT","BCAF:Heartbeat:Write","High","Low",159,"MOD1:Coil2927:Write"
159,"RESET BCA F PROCESS WATCHDOG","BCAF:Reset:Heartbeat:Write","High","Low",160,"MOD1:Coil2928:Write"
160,"TURN PSQ1 OFF -negative pulse-","Q1:Off:Write","High","Low",161,"MOD1:Coil2929:Write"
161,"TURN PSQ1 ON","Q1:On:Write","High","Low",162,"MOD1:Coil2930:Write"
162,"RESET PSQ1 INTERLOCK","Q1:Reset:Interlocks:Write","High","Low",163,"MOD1:Coil2931:Write"
163,"TURN PSQG OFF -negative pulse-","QG:Off:Write","High","Low",164,"MOD1:Coil2932:Write"
164,"TURN PSQG ON","QG:On:Write","High","Low",165,"MOD1:Coil2933:Write"
165,"RESET PSQG INTERLOCK","QG:Reset:Interlocks:Write","High","Low",166,"MOD1:Coil2934:Write"
166,"Description","Blank2935","High","Low",167,"MOD1:Coil2935:Write"
167,"Description","Blank2936","High","Low",168,"MOD1:Coil2936:Write"
168,"SELECT H F PSQ1 LENS 1","Q1:Lens1:Polarity:Positive:Write","High","Low",169,"MOD1:Coil2937:Write"
169,"SELECT H F PSQ1 LENS 2","Q1:Lens2:Polarity:Positive:Write","High","Low",170,"MOD1:Coil2938:Write"
170,"SELECT H F PSQ1 LENS 3","Q1:Lens3:Polarity:Positive:Write","High","Low",171,"MOD1:Coil2939:Write"
171,"SELECT H F PSQG Lens1","QG:Lens1:Polarity:Positive:Write","High","Low",172,"MOD1:Coil2940:Write"
172,"SELECT H F PSQG Lens2","QG:Lens2:Polarity:Positive:Write","High","Low",173,"MOD1:Coil2941:Write"
173,"SELECT H F PSQG Lens3","QG:Lens3:Polarity:Positive:Write","High","Low",174,"MOD1:Coil2942:Write"
174,"PSQG PROCESS HEARTBEAT","QG:Heartbeat:Write","High","Low",175,"MOD1:Coil2943:Write"
175,"RESET PSQG PROCESS WATCHDOG","QG:Reset:Heartbeat:Write","High","Low",176,"MOD1:Coil2944:Write"
176,"PSQ1-1: NO FAULT AND NO ERROR","Q1:Lens1:NoFault:Write","High","Low",177,"MOD1:Coil2945:Write"
177,"PSQ1-2: NO FAULT AND NO ERROR","Q1:Lens2:NoFault:Write","High","Low",178,"MOD1:Coil2946:Write"
178,"PSQ1-3: NO FAULT AND NO ERROR","Q1:Lens3:NoFault:Write","High","Low",179,"MOD1:Coil2947:Write"
179,"PSQG-1: NO FAULT AND NO ERROR","QG:Lens1:NoFault:Write","High","Low",180,"MOD1:Coil2948:Write"
180,"PSQG-2: NO FAULT AND NO ERROR","QG:Lens2:NoFault:Write","High","Low",181,"MOD1:Coil2949:Write"
181,"PSQG-3: NO FAULT AND NO ERROR","QG:Lens3:NoFault:Write","High","Low",182,"MOD1:Coil2950:Write"
182,"PSQ1 PROCESS HEARTBEAT","Q1:Heartbeat:Write","High","Low",183,"MOD1:Coil2951:Write"
183,"RESET PSQ1 PROCESS WATCHDOG","Q1:Reset:Heartbeat:Write","High","Low",184,"MOD1:Coil2952:Write"
184,"TURN PSQ23A OFF -negative pulse-","Q23A:Off:Write","High","Low",185,"MOD1:Coil2953:Write"
185,"TURN PSQ23A ON","Q23A:On:Write","High","Low",186,"MOD1:Coil2954:Write"
186,"RESET PSQ23A INTERLOCK","Q23A:Reset:Interlocks:Write","High","Low",187,"MOD1:Coil2955:Write"
187,"Description","Blank2956","High","Low",188,"MOD1:Coil2956:Write"
188,"Description","Blank2957","High","Low",189,"MOD1:Coil2957:Write"
189,"Description","Blank2958","High","Low",190,"MOD1:Coil2958:Write"
190,"Description","Blank2959","High","Low",191,"MOD1:Coil2959:Write"
191,"Description","Blank2960","High","Low",192,"MOD1:Coil2960:Write"
192,"SELECT H F PSQ2A LENS 1/3","Q23A:Q2A:Lens13:Polarity:Positive:Write","High","Low",193,"MOD1:Coil2961:Write"
193,"SELECT H F PSQ2A LENS 2","Q23A:Q2A:Lens2:Polarity:Positive:Write","High","Low",194,"MOD1:Coil2962:Write"
194,"SELECT H F PSQ3A LENS 1/3","Q23A:Q3A:Lens13:Polarity:Positive:Write","High","Low",195,"MOD1:Coil2963:Write"
195,"SELECT H F PSQ3A LENS 2","Q23A:Q3A:Lens2:Polarity:Positive:Write","High","Low",196,"MOD1:Coil2964:Write"
196,"SB2 Select","CYC:Standby2:Selected:Status","High","Low",197,"MOD1:Coil2965:Write"
197,"SB1-2 Transition","CYC:Standby1-2:Transition:Status","High","Low",198,"MOD1:Coil2966:Write"
198,"SB1 Select","CYC:Standby1:Selected:Status","High","Low",199,"MOD1:Coil2967:Write"
199,"SB2-1 Transition","CYC:Standby2-1:Transition:Status","High","Low",200,"MOD1:Coil2968:Write"
200,"PSQ2A-1/3: NO FAULT AND NO ERROR","Q23A:Q2A:Lens13:NoFault:Write","High","Low",201,"MOD1:Coil2969:Write"
201,"PSQ2A-2: NO FAULT AND NO ERROR","Q23A:Q2A:Lens2:NoFault:Write","High","Low",202,"MOD1:Coil2970:Write"
202,"PSQ3A-1/3: NO FAULT AND NO ERROR","Q23A:Q3A:Lens13:NoFault:Write","High","Low",203,"MOD1:Coil2971:Write"
203,"PSQ3A-2: NO FAULT AND NO ERROR","Q23A:Q3A:Lens2:NoFault:Write","High","Low",204,"MOD1:Coil2972:Write"
204,"PSQ23A PROCESS HEARTBEAT","Q23A:Heartbeat:Write","High","Low",205,"MOD1:Coil2973:Write"
205,"RESET PSQ23A PROCESS WATCHDOG","Q23A:Reset:Heartbeat:Write","High","Low",206,"MOD1:Coil2974:Write"
206,"Description","Blank2975","High","Low",207,"MOD1:Coil2975:Write"
207,"Description","Blank2976","High","Low",208,"MOD1:Coil2976:Write"
208,"TURN PSQ23B OFF -negative pulse-","Q23B:Off:Write","High","Low",209,"MOD1:Coil2977:Write"
209,"TURN PSQ23B ON","Q23B:On:Write","High","Low",210,"MOD1:Coil2978:Write"
210,"RESET PSQ23B INTERLOCK","Q23B:Reset:Interlocks:Write","High","Low",211,"MOD1:Coil2979:Write"
211,"Description","Blank2980","High","Low",212,"MOD1:Coil2980:Write"
212,"Description","Blank2981","High","Low",213,"MOD1:Coil2981:Write"
213,"Description","Blank2982","High","Low",214,"MOD1:Coil2982:Write"
214,"Description","Blank2983","High","Low",215,"MOD1:Coil2983:Write"
215,"Description","Blank2984","High","Low",216,"MOD1:Coil2984:Write"
216,"SELECT H F Q2B LENS 1/3","Q23B:Q2B:Lens13:Polarity:Positive:Write","High","Low",217,"MOD1:Coil2985:Write"
217,"SELECT H F Q2B LENS 2","Q23B:Q2B:Lens2:Polarity:Positive:Write","High","Low",218,"MOD1:Coil2986:Write"
218,"SELECT H F Q3B LENS 1/3","Q23B:Q3B:Lens13:Polarity:Positive:Write","High","Low",219,"MOD1:Coil2987:Write"
219,"SELECT H F Q3B LENS 2","Q23B:Q3B:Lens2:Polarity:Positive:Write","High","Low",220,"MOD1:Coil2988:Write"
220,"Description","Blank2989","High","Low",221,"MOD1:Coil2989:Write"
221,"Description","Blank2990","High","Low",222,"MOD1:Coil2990:Write"
222,"Description","Blank2991","High","Low",223,"MOD1:Coil2991:Write"
223,"Description","Blank2992","High","Low",224,"MOD1:Coil2992:Write"
224,"Q2B-1/3: NO FAULT AND NO ERROR","Q23B:Q2B:Lens13:NoFault:Write","High","Low",225,"MOD1:Coil2993:Write"
225,"Q2B-2: NO FAULT AND NO ERROR","Q23B:Q2B:Lens2:NoFault:Write","High","Low",226,"MOD1:Coil2994:Write"
226,"Q3B-1/3: NO FAULT AND NO ERROR","Q23B:Q3B:Lens13:NoFault:Write","High","Low",227,"MOD1:Coil2995:Write"
227,"Q3B-2: NO FAULT AND NO ERROR","Q23B:Q3B:Lens2:NoFault:Write","High","Low",228,"MOD1:Coil2996:Write"
228,"Q23B PROCESS HEARTBEAT","Q23B:Heartbeat:Write","High","Low",229,"MOD1:Coil2997:Write"
229,"RESET Q23B PROCESS WATCHDOG","Q23B:Reset:Heartbeat:Write","High","Low",230,"MOD1:Coil2998:Write"
230,"Description","Blank2999","High","Low",231,"MOD1:Coil2999:Write"
231,"Description","Blank3000","High","Low",232,"MOD1:Coil3000:Write"
232,"TURN OFF X0 PSX1 PSY1 neg pulse","SM01:Off:Write","High","Low",233,"MOD1:Coil3001:Write"
233,"TURN ON PSX0 PSX1 AND PSY1","SM01:On:Write","High","Low",234,"MOD1:Coil3002:Write"
234,"RESET X0/XY1 TEMPERATURE INTERLOCK","SM01:Reset:Interlocks:Write","High","Low",235,"MOD1:Coil3003:Write"
235,"X0: NO FAULT AND NO ERROR","X0:NoFault:Write","High","Low",236,"MOD1:Coil3004:Write"
236,"X1: NO FAULT AND NO ERROR","X1:NoFault:Write","High","Low",237,"MOD1:Coil3005:Write"
237,"Y1: NO FAULT AND NO ERROR","Y1:NoFault:Write","High","Low",238,"MOD1:Coil3006:Write"
238,"X0/PSX1/PSY1 PROCESS HEARTBEAT","SM01:Heartbeat:Write","High","Low",239,"MOD1:Coil3007:Write"
239,"RESET X0/PSX1/PSY1 PROCESS WATCHDOG","SM01:Reset:Heartbeat:Write","High","Low",240,"MOD1:Coil3008:Write"
240,"TURN OFF X2A PSY2A PSX3A and PSY3A ","SM23A:Off:Write","High","Low",241,"MOD1:Coil3009:Write"
241,"TURN ON X2A PSY2A PSX3A AND PSY3A","SM23A:On:Write","High","Low",242,"MOD1:Coil3010:Write"
242,"RESET XY2A/ XY3A TEMPERATURE INTERLOCK","SM23A:Reset:Interlocks:Write","High","Low",243,"MOD1:Coil3011:Write"
243,"Description","Blank3012","High","Low",244,"MOD1:Coil3012:Write"
244,"X2A: NO FAULT AND NO ERROR","SM23A:X2:NoFault:Write","High","Low",245,"MOD1:Coil3013:Write"
245,"Y2A: NO FAULT AND NO ERROR","SM23A:Y2:NoFault:Write","High","Low",246,"MOD1:Coil3014:Write"
246,"X3A: NO FAULT AND NO ERROR","SM23A:X3:NoFault:Write","High","Low",247,"MOD1:Coil3015:Write"
247,"Y3A: NO FAULT AND NO ERROR","SM23A:Y3:NoFault:Write","High","Low",248,"MOD1:Coil3016:Write"
248,"TURN OFF GANTRY CORR NEG pulse","GCC:Off:Write","High","Low",249,"MOD1:Coil3017:Write"
249,"TURN ON GANTRY CORR","GCC:On:Write","High","Low",250,"MOD1:Coil3018:Write"
250,"RESET GANTRY CORR TEMP INTERLOCK","GCC:Reset:Interlocks:Write","High","Low",251,"MOD1:Coil3019:Write"
251,"GANTRYCORR: NO FAULT AND NO ERROR","GCC:NoFault:Write","High","Low",252,"MOD1:Coil3020:Write"
252,"XY2A/XY3A/ PROC HTBT","SM23A:Heartbeat:Write","High","Low",253,"MOD1:Coil3021:Write"
253,"RESET XY2A/XY3A/ PROC WD","SM23A:Reset:Heartbeat:Write","High","Low",254,"MOD1:Coil3022:Write"
254,"GANTRY CORR COIL PROC WD","GCC:Heartbeat:Write","High","Low",255,"MOD1:Coil3023:Write"
255,"RESET GANTRY CORR PROC WD","GCC:Reset:Heartbeat:Write","High","Low",256,"MOD1:Coil3024:Write"
256,"TURN IGS OFF negative pulse","IGS:Off:Write","High","Low",257,"MOD1:Coil3025:Write"
257,"TURN IGS ON","IGS:On:Write","High","Low",258,"MOD1:Coil3026:Write"
258,"RESET IGS TEMPERATURE INTERLOCK","IGS:Reset:Interlocks:Write","High","Low",259,"MOD1:Coil3027:Write"
259,"IS THE GCC SET TO ZERO?","GCC:PSET:IsZero","Yes","No",260,"MOD1:Coil3028:Write"
260,"XGA: NO FAULT AND NO ERROR","IGS:XG:NoFault:Write","High","Low",261,"MOD1:Coil3029:Write"
261,"YGA: NO FAULT AND NO ERROR","IGS:YG:NoFault:Write","High","Low",262,"MOD1:Coil3030:Write"
262,"IGS PROCESS HEARTBEAT","IGS:Heartbeat:Write","High","Low",263,"MOD1:Coil3031:Write"
263,"RESET IGS PROCESS WATCHDOG","IGS:Reset:Heartbeat:Write","High","Low",264,"MOD1:Coil3032:Write"
264,"TURN PGS OFF negative pulse","PGS:Off:Write","High","Low",265,"MOD1:Coil3033:Write"
265,"TURN PGS ON","PGS:On:Write","High","Low",266,"MOD1:Coil3034:Write"
266,"RESET PGS TEMPERATURE INTERLOCK","PGS:Reset:Interlocks:Write","High","Low",267,"MOD1:Coil3035:Write"
267,"PGS:XG: NO FAULT AND NO ERROR","PGS:XG:NoFault:Write","High","Low",268,"MOD1:Coil3036:Write"
268,"PGS:YG: NO FAULT AND NO ERROR","PGS:YG:NoFault:Write","High","Low",269,"MOD1:Coil3037:Write"
269,"Description","Blank3038","High","Low",270,"MOD1:Coil3038:Write"
270,"PGS PROCESS HEARTBEAT","PGS:Heartbeat:Write","High","Low",271,"MOD1:Coil3039:Write"
271,"RESET PGS PROCESS WATCHDOG","PGS:Reset:Heartbeat:Write","High","Low",272,"MOD1:Coil3040:Write"
272,"TURN SWM MAIN POWER OFF negative pulse","SWM:Off:Write","High","Low",273,"MOD1:Coil3041:Write"
273,"TURN SWM MAIN POWER ON","SWM:On:Write","High","Low",274,"MOD1:Coil3042:Write"
274,"RESET SWM INTERLOCK","SWM:Reset:Interlocks:Write","High","Low",275,"MOD1:Coil3043:Write"
275,"SET SWM POL LEFT -+-","SWM:Polarity:Left:Write","High","Low",276,"MOD1:Coil3044:Write"
276,"SET SWM POL RIGHT ---","SWM:Polarity:Right:Write","High","Low",277,"MOD1:Coil3045:Write"
277,"SWM NO FAULT NO ERROR","SWM:NoFault:Write","High","Low",278,"MOD1:Coil3046:Write"
278,"SWM PROCESS HEARTBEAT","SWM:Heartbeat:Write","High","Low",279,"MOD1:Coil3047:Write"
279,"SWM PROCESS HEARTBEAT RESET","SWM:Reset:Heartbeat:Write","High","Low",280,"MOD1:Coil3048:Write"
280,"GANTRY Dipole MAIN POWER OFF","GDP:Off:Write","High","Low",281,"MOD1:Coil3049:Write"
281,"GANTRY Dipole MAIN POWER ON","GDP:On:Write","High","Low",282,"MOD1:Coil3050:Write"
282,"RESET GANTRY DIPOLE INTLK","GDP:Reset:Interlocks:Write","High","Low",283,"MOD1:Coil3051:Write"
283,"GANTRY DIPOLE NO FAULT AND NO ERROR","GDP:NoFault:Write","High","Low",284,"MOD1:Coil3052:Write"
284,"GANTRY DIPOLE PROCESS HEARTBEAT","GDP:Heartbeat:Write","High","Low",285,"MOD1:Coil3053:Write"
285,"GANTRY DIPOLE PROCESS HEARTBEAT RESET","GDP:Reset:Heartbeat:Write","High","Low",286,"MOD1:Coil3054:Write"
286,"Line B Selected","CCC:FC1toTargetLineB:Selected:Status","High","Low",287,"MOD1:Coil3055:Write"
287,"Line C Selected","CCC:FC1toTargetLineC:Selected:Status","High","Low",288,"MOD1:Coil3056:Write"
288,"BENDING MAG MAIN POWER OFF","BMG:Off:Write","High","Low",289,"MOD1:Coil3057:Write"
289,"BENDING MAG MAIN POWER ON","BMG:On:Write","High","Low",290,"MOD1:Coil3058:Write"
290,"BENDING MAG INTERLOCK RESET","BMG:Reset:Interlocks:Write","High","Low",291,"MOD1:Coil3059:Write"
291,"BENDING MAG NO FAULT AND NO ERROR","BMG:NoFault:Write","High","Low",292,"MOD1:Coil3060:Write"
292,"BENDING MAG PROCESS HEARTBEAT","BMG:Heartbeat:Write","High","Low",293,"MOD1:Coil3061:Write"
293,"BENDING MAG PROCESS HEARTBEAT RESET","BMG:Reset:Heartbeat:Write","High","Low",294,"MOD1:Coil3062:Write"
294,"IS BMG PSET ZERO?","BMG:PSET:IsZero","High","Low",295,"MOD1:Coil3063:Write"
295,"Description","Blank3064","High","Low",296,"MOD1:Coil3064:Write"
296,"IS MC PREAD > 200","MC:PREAD:Greater:Then:200","High","Low",297,"MOD1:Coil3065:Write"
297,"Description","Blank3066","High","Low",298,"MOD1:Coil3066:Write"
298,"Description","Blank3067","High","Low",299,"MOD1:Coil3067:Write"
299,"Description","Blank3068","High","Low",300,"MOD1:Coil3068:Write"
300,"Description","Blank3069","High","Low",301,"MOD1:Coil3069:Write"
301,"Description","Blank3070","High","Low",302,"MOD1:Coil3070:Write"
302,"Description","Blank3071","High","Low",303,"MOD1:Coil3071:Write"
303,"Description","Blank3072","High","Low",304,"MOD1:Coil3072:Write"
304,"Description","Blank3073","High","Low",305,"MOD1:Coil3073:Write"
305,"Description","Blank3074","High","Low",306,"MOD1:Coil3074:Write"
306,"Description","Blank3075","High","Low",307,"MOD1:Coil3075:Write"
307,"Description","Blank3076","High","Low",308,"MOD1:Coil3076:Write"
308,"Description","Blank3077","High","Low",309,"MOD1:Coil3077:Write"
309,"Description","Blank3078","High","Low",310,"MOD1:Coil3078:Write"
310,"Description","Blank3079","High","Low",311,"MOD1:Coil3079:Write"
311,"Description","Blank3080","High","Low",312,"MOD1:Coil3080:Write"
312,"Description","Blank3081","High","Low",313,"MOD1:Coil3081:Write"
313,"Description","Blank3082","High","Low",314,"MOD1:Coil3082:Write"
314,"Description","Blank3083","High","Low",315,"MOD1:Coil3083:Write"
315,"Description","Blank3084","High","Low",316,"MOD1:Coil3084:Write"
316,"Description","Blank3085","High","Low",317,"MOD1:Coil3085:Write"
317,"Description","Blank3086","High","Low",318,"MOD1:Coil3086:Write"
318,"Description","Blank3087","High","Low",319,"MOD1:Coil3087:Write"
319,"Description","Blank3088","High","Low",320,"MOD1:Coil3088:Write"
320,"Description","Blank3089","High","Low",321,"MOD1:Coil3089:Write"
321,"Description","Blank3090","High","Low",322,"MOD1:Coil3090:Write"
322,"Description","Blank3091","High","Low",323,"MOD1:Coil3091:Write"
323,"Description","Blank3092","High","Low",324,"MOD1:Coil3092:Write"
324,"Description","Blank3093","High","Low",325,"MOD1:Coil3093:Write"
325,"Description","Blank3094","High","Low",326,"MOD1:Coil3094:Write"
326,"Description","Blank3095","High","Low",327,"MOD1:Coil3095:Write"
327,"Description","Blank3096","High","Low",328,"MOD1:Coil3096:Write"
328,"Description","Blank3097","High","Low",329,"MOD1:Coil3097:Write"
329,"Description","Blank3098","High","Low",330,"MOD1:Coil3098:Write"
330,"Description","Blank3099","High","Low",331,"MOD1:Coil3099:Write"
331,"Description","Blank3100","High","Low",332,"MOD1:Coil3100:Write"
332,"Description","Blank3101","High","Low",333,"MOD1:Coil3101:Write"
333,"Description","Blank3102","High","Low",334,"MOD1:Coil3102:Write"
334,"Description","Blank3103","High","Low",335,"MOD1:Coil3103:Write"
335,"Description","Blank3104","High","Low",336,"MOD1:Coil3104:Write"
336,"Description","Blank3105","High","Low",337,"MOD1:Coil3105:Write"
337,"Description","Blank3106","High","Low",338,"MOD1:Coil3106:Write"
338,"Description","Blank3107","High","Low",339,"MOD1:Coil3107:Write"
339,"Description","Blank3108","High","Low",340,"MOD1:Coil3108:Write"
340,"Description","Blank3109","High","Low",341,"MOD1:Coil3109:Write"
341,"Description","Blank3110","High","Low",342,"MOD1:Coil3110:Write"
342,"Line A Selected","CCC:FC1toTargetLineA:Selected:Status","High","Low",343,"MOD1:Coil3111:Write"
343,"Line Zero Selected","CCC:FC1toTargetLineZero:Selected:Status","High","Low",344,"MOD1:Coil3112:Write"
344,"Description","Blank3113","High","Low",345,"MOD1:Coil3113:Write"
345,"Description","Blank3114","High","Low",346,"MOD1:Coil3114:Write"
346,"Description","Blank3115","High","Low",347,"MOD1:Coil3115:Write"
347,"Description","Blank3116","High","Low",348,"MOD1:Coil3116:Write"
348,"Description","Blank3117","High","Low",349,"MOD1:Coil3117:Write"
349,"Description","Blank3118","High","Low",350,"MOD1:Coil3118:Write"
350,"Description","Blank3119","High","Low",351,"MOD1:Coil3119:Write"
351,"Description","Blank3120","High","Low",352,"MOD1:Coil3120:Write"
352,"Description","Blank3121","High","Low",353,"MOD1:Coil3121:Write"
353,"Description","Blank3122","High","Low",354,"MOD1:Coil3122:Write"
354,"Description","Blank3123","High","Low",355,"MOD1:Coil3123:Write"
355,"Description","Blank3124","High","Low",356,"MOD1:Coil3124:Write"
356,"Description","Blank3125","High","Low",357,"MOD1:Coil3125:Write"
357,"Description","Blank3126","High","Low",358,"MOD1:Coil3126:Write"
358,"Description","Blank3127","High","Low",359,"MOD1:Coil3127:Write"
359,"Description","Blank3128","High","Low",360,"MOD1:Coil3128:Write"
360,"Description","Blank3129","High","Low",361,"MOD1:Coil3129:Write"
361,"Description","Blank3130","High","Low",362,"MOD1:Coil3130:Write"
362,"Description","Blank3131","High","Low",363,"MOD1:Coil3131:Write"
363,"Description","Blank3132","High","Low",364,"MOD1:Coil3132:Write"
364,"Description","Blank3133","High","Low",365,"MOD1:Coil3133:Write"
365,"Description","Blank3134","High","Low",366,"MOD1:Coil3134:Write"
366,"Description","Blank3135","High","Low",367,"MOD1:Coil3135:Write"
367,"Description","Blank3136","High","Low",368,"MOD1:Coil3136:Write"
